{"cameraMode":{"drawMode":0,"name":"Shaded","section":"Shading Mode"},"sceneLighting":false,"audioPlay":false,"sceneViewState":{"showFog":true,"showMaterialUpdate":true,"showSkybox":false,"showFlares":true,"showImageEffects":true,"showParticleSystems":true},"in2DMode":false,"pivot":{"x":0.1618659496307373,"y":7.233310699462891,"z":-1.3208084106445313},"rotation":{"x":-0.20672856271266938,"y":-0.6136669516563416,"z":0.17082972824573518,"w":-0.7426260709762573},"size":3.1846275329589845,"orthographic":false}