{"cameraMode":{"drawMode":0,"name":"Shaded","section":"Shading Mode"},"sceneLighting":false,"audioPlay":false,"sceneViewState":{"showFog":true,"showMaterialUpdate":true,"showSkybox":false,"showFlares":true,"showImageEffects":true,"showParticleSystems":true},"in2DMode":false,"pivot":{"x":2.331857681274414,"y":10.460112571716309,"z":13.286210060119629},"rotation":{"x":-0.11408491432666779,"y":-0.6106177568435669,"z":0.08947816491127014,"w":-0.7785398364067078},"size":21.449726104736329,"orthographic":false}