{"cameraMode":{"drawMode":0,"name":"Shaded","section":"Shading Mode"},"sceneLighting":false,"audioPlay":false,"sceneViewState":{"showFog":true,"showMaterialUpdate":true,"showSkybox":false,"showFlares":true,"showImageEffects":true,"showParticleSystems":true},"in2DMode":false,"pivot":{"x":-0.2826022505760193,"y":2.2752575874328615,"z":0.7907968759536743},"rotation":{"x":0.018471624702215196,"y":-0.9798871278762817,"z":-0.1661861538887024,"w":-0.10891382396221161},"size":8.692066192626954,"orthographic":false}