{"cameraMode":{"drawMode":0,"name":"Shaded","section":"Shading Mode"},"sceneLighting":false,"audioPlay":false,"sceneViewState":{"showFog":true,"showMaterialUpdate":true,"showSkybox":false,"showFlares":true,"showImageEffects":true,"showParticleSystems":true},"in2DMode":false,"pivot":{"x":0.0,"y":9.90250015258789,"z":10.639999389648438},"rotation":{"x":0.0971081331372261,"y":-0.25010716915130618,"z":-0.025220291689038278,"w":-0.9630059599876404},"size":4.2461700439453129,"orthographic":false}