{"cameraMode":{"drawMode":0,"name":"Shaded","section":"Shading Mode"},"sceneLighting":false,"audioPlay":false,"sceneViewState":{"showFog":true,"showMaterialUpdate":true,"showSkybox":false,"showFlares":true,"showImageEffects":true,"showParticleSystems":true},"in2DMode":false,"pivot":{"x":0.07571053504943848,"y":5.038204669952393,"z":10.105536460876465},"rotation":{"x":-0.1005263552069664,"y":0.8673630952835083,"z":-0.44660934805870058,"w":-0.19523288309574128},"size":24.484922409057618,"orthographic":false}