{"cameraMode":{"drawMode":0,"name":"Shaded","section":"Shading Mode"},"sceneLighting":false,"audioPlay":false,"sceneViewState":{"showFog":true,"showMaterialUpdate":true,"showSkybox":false,"showFlares":true,"showImageEffects":true,"showParticleSystems":true},"in2DMode":false,"pivot":{"x":-11.244481086730957,"y":6.533899784088135,"z":-5.71429443359375},"rotation":{"x":-0.09250935167074204,"y":-0.8182426691055298,"z":0.1375117003917694,"w":-0.5504647493362427},"size":15.717074394226075,"orthographic":false}