{"cameraMode":{"drawMode":0,"name":"Shaded","section":"Shading Mode"},"sceneLighting":false,"audioPlay":false,"sceneViewState":{"showFog":true,"showMaterialUpdate":true,"showSkybox":false,"showFlares":true,"showImageEffects":true,"showParticleSystems":true},"in2DMode":false,"pivot":{"x":-0.4327208995819092,"y":6.465351104736328,"z":10.494575500488282},"rotation":{"x":0.018471624702215196,"y":-0.9798871278762817,"z":-0.1661861538887024,"w":-0.10891382396221161},"size":16.644412994384767,"orthographic":false}