{"cameraMode":{"drawMode":0,"name":"Shaded","section":"Shading Mode"},"sceneLighting":true,"audioPlay":false,"sceneViewState":{"showFog":true,"showMaterialUpdate":true,"showSkybox":true,"showFlares":true,"showImageEffects":true,"showParticleSystems":true},"in2DMode":false,"pivot":{"x":-20.14324951171875,"y":-44.34025192260742,"z":237.22096252441407},"rotation":{"x":-0.08266130834817887,"y":0.03646411746740341,"z":-0.0030261296778917314,"w":-0.9959058165550232},"size":249.75820922851563,"orthographic":false}