{"cameraMode":{"drawMode":0,"name":"Shaded","section":"Shading Mode"},"sceneLighting":false,"audioPlay":false,"sceneViewState":{"showFog":true,"showMaterialUpdate":true,"showSkybox":false,"showFlares":true,"showImageEffects":true,"showParticleSystems":true},"in2DMode":false,"pivot":{"x":0.10006549954414368,"y":5.903621673583984,"z":8.242124557495118},"rotation":{"x":-0.01670600287616253,"y":-0.9166322946548462,"z":0.03852226212620735,"w":-0.3975200653076172},"size":29.003101348876954,"orthographic":false}