{"cameraMode":{"drawMode":0,"name":"Shaded","section":"Shading Mode"},"sceneLighting":false,"audioPlay":false,"sceneViewState":{"showFog":true,"showMaterialUpdate":true,"showSkybox":false,"showFlares":true,"showImageEffects":true,"showParticleSystems":true},"in2DMode":false,"pivot":{"x":47.50720977783203,"y":256.0868225097656,"z":58.87604522705078},"rotation":{"x":-0.013784290291368962,"y":-0.9841164350509644,"z":0.1532686948776245,"w":-0.08850788325071335},"size":403.97406005859377,"orthographic":false}