{"cameraMode":{"drawMode":0,"name":"Shaded","section":"Shading Mode"},"sceneLighting":false,"audioPlay":false,"sceneViewState":{"showFog":true,"showMaterialUpdate":true,"showSkybox":false,"showFlares":true,"showImageEffects":true,"showParticleSystems":true},"in2DMode":false,"pivot":{"x":-97.7066879272461,"y":-400.6252746582031,"z":-367.182861328125},"rotation":{"x":0.02252512238919735,"y":0.9404412508010864,"z":-0.06357669830322266,"w":0.3331981301307678},"size":19.433725357055665,"orthographic":false}