{"cameraMode":{"drawMode":0,"name":"Shaded","section":"Shading Mode"},"sceneLighting":false,"audioPlay":false,"sceneViewState":{"showFog":true,"showMaterialUpdate":true,"showSkybox":false,"showFlares":true,"showImageEffects":true,"showParticleSystems":true},"in2DMode":false,"pivot":{"x":0.23562681674957276,"y":7.208926200866699,"z":10.266214370727539},"rotation":{"x":0.018471624702215196,"y":-0.9798871278762817,"z":-0.1661861538887024,"w":-0.10891382396221161},"size":15.403247833251954,"orthographic":false}